{"cameraMode":{"drawMode":0,"name":"Shaded","section":"Shading Mode"},"sceneLighting":true,"audioPlay":false,"sceneViewState":{"showFog":true,"showMaterialUpdate":false,"showSkybox":true,"showFlares":true,"showImageEffects":true,"showParticleSystems":true},"in2DMode":false,"pivot":{"x":-1.4556070566177369,"y":-1.8531389236450196,"z":1.3338704109191895},"rotation":{"x":0.4639044404029846,"y":-0.0000029772586458420848,"z":-0.000004942759915138595,"w":0.8858852386474609},"size":25.199811935424806,"orthographic":false}