{"cameraMode":{"drawMode":0,"name":"Shaded","section":"Shading Mode"},"sceneLighting":true,"audioPlay":false,"sceneViewState":{"showFog":true,"showMaterialUpdate":false,"showSkybox":true,"showFlares":true,"showImageEffects":true,"showParticleSystems":true},"in2DMode":false,"pivot":{"x":-0.25297150015830996,"y":0.9404967427253723,"z":-1.108595371246338},"rotation":{"x":0.07369872182607651,"y":-0.034401681274175647,"z":0.00254422752186656,"w":0.9966837763786316},"size":26.508413314819337,"orthographic":false}