{"cameraMode":{"drawMode":0,"name":"Shaded","section":"Shading Mode"},"sceneLighting":false,"audioPlay":false,"sceneViewState":{"showFog":true,"showMaterialUpdate":false,"showSkybox":false,"showFlares":true,"showImageEffects":true,"showParticleSystems":true},"in2DMode":false,"pivot":{"x":0.0000017881393432617188,"y":1.4133654832839966,"z":0.0016335844993591309},"rotation":{"x":0.03499789163470268,"y":-0.8020235896110535,"z":0.04721980169415474,"w":0.5943936109542847},"size":7.351100921630859,"orthographic":false}