{"cameraMode":{"drawMode":0,"name":"Shaded","section":"Shading Mode"},"sceneLighting":true,"audioPlay":false,"sceneViewState":{"showFog":true,"showMaterialUpdate":false,"showSkybox":true,"showFlares":true,"showImageEffects":true,"showParticleSystems":true},"in2DMode":false,"pivot":{"x":0.45115208625793459,"y":0.4442410171031952,"z":-0.6213405728340149},"rotation":{"x":-0.019625108689069749,"y":0.9746088981628418,"z":-0.20194053649902345,"w":-0.09472303092479706},"size":10.097623825073243,"orthographic":false}