{"cameraMode":{"drawMode":0,"name":"Shaded","section":"Shading Mode"},"sceneLighting":true,"audioPlay":false,"sceneViewState":{"showFog":true,"showMaterialUpdate":false,"showSkybox":true,"showFlares":true,"showImageEffects":true,"showParticleSystems":true},"in2DMode":false,"pivot":{"x":-19.431350708007814,"y":8.32774543762207,"z":11.87884521484375},"rotation":{"x":-0.09241513907909394,"y":0.09811948984861374,"z":-0.009151180274784565,"w":-0.9908321499824524},"size":93.24547576904297,"orthographic":false}